date,avg,max,min,1,2,3,4,5,6,7,8,9,10,11,12,13,14,15,16,17,18,19,20,21,22,23,0,isReal
2020-01-01,17.1,21.1,14.7,15.5,15.7,15.6,15.8,15.5,15.3,15.4,15.8,16.7,17.6,17.9,19.4,20.3,21.1,21,21,19.7,17.6,16.4,16,15.5,15.3,14.7,15.8,1
2020-01-02,17.7,24.7,13.3,14,13.8,13.9,13.7,14.2,13.7,13.3,15.5,17.6,20.3,21.6,23,24.4,24.7,22.5,21.7,20,18.9,17.8,17.2,16.3,16.1,15.8,14.2,1
2020-01-03,18.2,24.1,14.1,15,14.8,14.8,14.3,14.1,14.2,14.1,15.2,18.4,20.8,22.1,23.1,24.1,23.8,23.3,22.2,20.4,19.3,18.1,17.8,17.8,17.1,16.5,15.2,1
2020-01-04,18.7,24.3,15.4,15.8,15.6,15.4,16.2,16.5,15.7,15.4,16.5,18.6,20.3,21.6,23.1,24.3,23.5,23.6,22.3,21.2,19.8,18.5,17.6,17.3,17.2,16.7,16.3,1
2020-01-05,19.3,24.8,15.4,16.4,16,15.6,15.4,15.4,15.4,15.6,17.1,18.8,21.2,24,23.9,24.8,24.8,24.4,22.1,20.4,19.7,19.5,19.1,19.3,18.7,18.1,16.4,1
2020-01-06,19.3,24,17,17,17.1,17.8,18.1,18.2,18.2,17.4,17.8,19.2,20.1,21.5,22.6,24,23.5,22.4,22,20.6,19.3,18.4,17.9,17.8,17.6,17.4,17.6,1
2020-01-07,19.9,27.3,15.8,17.1,16.9,16.9,16.4,16.3,15.8,16.1,18.2,21,22.1,21.4,23.8,24.7,25.5,27.3,26.6,24.9,20.6,19.3,18.6,17.7,16.8,16.6,17.5,1
2020-01-08,18.8,27.3,14,15.6,15.2,15.1,14.9,14.4,14,14.2,17,20.4,21.3,23.2,24.5,25.6,27.3,26,24.9,21.7,19.2,17.6,16.3,15.5,15.4,14.7,16,1
2020-01-09,18.2,25.1,13.5,14.2,13.7,13.5,13.5,13.6,13.6,14.2,15.5,16.9,19.8,22.8,23.4,25.1,25.1,23.9,23.3,22.1,19.9,18.6,18.4,18.2,16.6,15.6,14.9,1
2020-01-10,18.7,25,14.4,15.5,15.2,14.9,14.7,14.4,15.4,15.8,16.9,19.5,21.6,23.8,25,24.3,23.7,23.5,22.5,21.3,19.8,18.8,17.2,16.8,16.4,15.8,15.5,1
2020-01-11,18.4,24.3,14,15.2,14.9,14.8,14.4,14,14.2,15,16.8,19.2,20.4,22.2,23.5,24.3,23.5,23.9,23,21.7,19.9,18.5,17.8,16.5,16,15.6,15.6,1
2020-01-12,17.2,25.8,13.8,14.7,14.4,14.4,15.1,14.1,13.8,14.3,15.8,17.7,19.2,20,21.4,25.8,25.5,25.3,19.1,17.3,15.9,15.1,14.1,14.4,14.6,14.6,15.1,1
2020-01-13,16.5,23.3,13,14.2,14.3,13.7,13,13.8,14,13.3,15,15.3,17,19,20.5,21.5,22.2,23.3,20.9,18.9,17.4,16.3,15.1,15.3,14.5,14.2,14,1
2020-01-14,18,24.8,13.3,14.9,15.2,15.3,15.1,14,13.3,14.3,15.3,17.6,19.5,21.9,24,24.8,24.7,23.9,23.3,20.7,19.2,16.7,15.9,14.9,14.3,14.1,14.6,1
2020-01-15,17,24.2,11.5,13.7,12.9,12.9,12.4,12.2,11.8,11.5,14.6,17.2,19.2,21.4,22.2,24.2,24.2,23.7,21.8,20.5,18.6,17.6,16,15.6,15.2,14.7,13.5,1
2020-01-16,18.6,25.2,12.9,15,15.8,15.5,15.6,14.8,13.8,12.9,16.7,18.6,20.8,23.1,24.6,25.2,24.5,23.6,22.5,21.2,20.8,19.4,17.8,17,16.2,15.9,14.2,1
2020-01-17,16.8,21.7,13.5,14.8,14.5,14.2,14,13.9,13.5,14.4,15.3,18.2,20.5,21.3,21.7,21.5,21.7,20.6,20.4,18.2,16.3,15.3,15,14.6,13.8,13.7,15.5,1
2020-01-18,15.6,21.9,11.2,12.5,13,12.6,12.3,12,11.8,11.2,13.9,15.5,17.6,19.2,20.1,21.6,21.9,20.8,19.1,17.8,16.7,15.3,13.9,14.4,14.4,14.4,12.8,1
2020-01-19,16.3,22.7,12.9,13.9,13.7,13.5,13.3,13.3,12.9,12.9,14.6,16.4,18.6,20.5,20.9,22,21.9,22.7,20.4,18.4,16.3,15.9,14.6,13.9,13.5,13.1,14,1
2020-01-20,16.7,25.1,12.1,12.5,12.3,12.1,12.5,13.2,12.8,13.2,15,17.4,19.7,20.9,24.1,25.1,25,24.2,21.7,19,17,16.2,14.4,13.5,14,12.7,12.9,1
2020-01-21,17.4,25.6,10.9,12.2,11.7,11.4,11.5,11.1,11.2,10.9,13.6,16.8,19,20.9,23.7,25.5,25.6,25.2,24.8,23,20.3,18.4,17,16.6,16.9,17.2,12.5,1
2020-01-22,20.2,27,14.3,15.4,14.8,14.3,15.4,17.1,17.2,17.4,18,19.6,21.6,23.3,25.4,26.3,27,26.8,25,23.5,22,21,20.7,19.4,19,18.6,15.9,1
2020-01-23,21.7,29,16,18.3,17.4,16.8,16.5,16.1,16,16.2,18.4,22.2,25.2,27,27.5,29,28.9,28.1,27.9,26.3,24,22.8,20.6,20,19.3,18.8,18.1,1
2020-01-24,21.6,26.5,18.2,19.8,20.1,19.7,19.7,19.1,18.9,18.2,19.3,21.4,23.4,25.9,26.5,26.3,26,26.2,25.1,22.4,21,20.3,19.6,19.7,19.8,19.7,19.6,1
2020-01-25,21,26.9,16.7,19.8,19.5,19.5,19.1,18.2,16.8,16.7,18.7,20.8,22.5,24,25.8,26.5,26.9,25.5,24,23.1,21.3,20.2,19.6,19.1,18.9,18.7,19.8,1
2020-01-26,17.9,19.9,15.7,18.6,18.1,18.6,18,18,17.9,17.6,17.6,17.8,17.6,18.4,18.7,19.4,19.7,19.8,19.9,18.5,17.4,15.8,15.8,16,15.8,15.7,18.2,1
2020-01-27,16.6,20,14.5,16.2,16.6,15.8,15.9,15.7,15.6,15.4,15.8,16.9,17.9,18.1,18.4,19.1,20,19.7,18.2,16.8,15.8,15.6,15.7,15.3,14.7,14.5,15.8,1
2020-01-28,14.6,16.9,13.4,14.5,14.4,14.4,14.1,14.2,13.9,14,14.3,14.5,14.8,14.9,15.4,15.1,16.4,16.9,16.4,15.3,14.2,14.1,13.5,13.6,13.5,13.4,14.2,1
2020-01-29,13.6,16.7,11.8,12.5,12.7,12.6,12.4,12.6,12.4,12.5,13,13.9,14.4,15.9,15.1,15.9,16.5,16.7,15.1,14.1,13.4,13,12.4,12.4,12.1,11.8,13.3,1
2020-01-30,11.8,17.2,6.7,9.3,8.7,8.7,8.8,10.7,10.2,9.8,10.7,12.6,14.5,15.5,16.3,17.2,16.9,16.6,16.2,14.9,13,11.9,10.9,10.3,7.3,6.7,9.7,1
2020-01-31,11.7,19.9,4.6,6.3,6,5.7,5.4,4.7,4.6,4.9,8.7,11.6,13.8,16.1,18.5,19.1,19.9,19.7,19.3,17.2,15.5,14.1,11.6,12.1,10.4,9.4,6.6,1
2020-02-01,13.5,21,7,8.7,8.2,8.1,7.3,7,7.2,7.5,10.2,13.1,16.2,18.3,19.5,20.5,20.9,21,20.3,18.6,16.8,14.5,13.4,13.2,12,11.2,9.3,1
2020-02-02,15.6,22.8,8.9,10.4,10,9.9,9.1,8.9,9.1,9.7,11.7,15.6,17.7,20.2,21.7,21.8,22.8,22.5,20.9,20,18.6,17.9,17.1,16.3,16,15.9,10.7,1
2020-02-03,16.9,22.8,11.1,13.6,13.5,12.3,12.8,12.4,11.5,11.1,14.8,17.1,19.2,20.9,22.5,22.8,22.5,22.4,21.6,19.6,18.5,17.6,17.2,16,15.2,14.9,14.8,1
2020-02-04,16.2,17.8,14.3,15.8,15.1,15.2,14.3,14.3,14.6,14.7,15.5,16.3,17.1,17.2,17.8,17.5,17.6,17.5,17.4,17.4,17,16.6,16.4,16.3,16.3,16.1,15,1
2020-02-05,17.6,23.1,13.5,15.5,15.9,15.7,15.6,15.4,14.9,14.9,16.5,18.2,19.6,20.5,21.7,21.8,23,23.1,21.8,20,18.1,16.8,16,14.8,13.9,13.5,15.8,1
2020-02-06,17.8,24.5,12,13,12.7,12.6,12.7,12.6,12,12.1,15,16.9,20.6,22.7,23.6,23.8,24,24.5,23.1,20.7,19.2,18.7,18.5,18.4,18.1,17.6,13.2,1
2020-02-07,18.2,23.9,14.3,17.2,17.2,17.1,17.2,16.3,15.8,15.8,16.4,18.1,20.2,22.2,23.5,23.9,22.2,21,20.3,19,17.6,16.9,16.2,15.9,15.7,14.3,17,1
2020-02-08,16.5,22.4,12.9,14.4,14,13.7,13.3,13,12.9,12.9,15.7,17.4,18.9,20.1,21.3,22.4,21.3,20.5,19.8,18.4,17,15.9,15.6,15,14.3,13.6,14.1,1
2020-02-09,15.8,20.3,12.8,13.3,12.8,14,14.5,14.6,14.6,15,15.6,15.9,17.2,17.2,17.9,19.6,20.3,19.9,19.3,17.9,16.5,15.6,14.9,13.5,13.7,12.8,13.7,1
2020-02-10,17,24.1,11.4,13.3,13.5,12.8,12.1,11.9,11.4,11.6,14.4,16.2,19.4,21.6,22.5,24.1,22.6,21,21.7,21,20,17.9,17,17.1,16.1,15.3,13.4,1
2020-02-11,18.3,22.9,14.5,14.7,14.5,15,15.4,15.7,15.7,15.6,16.4,17.4,19.5,20.3,21.1,22.4,22.9,22.2,21.4,20.8,20,19.1,19.1,18.4,18.1,17.5,15.1,1
2020-02-12,21.4,28.9,15.5,17.1,16.8,16.6,16.3,15.8,15.5,15.5,18.5,20.9,23.6,26.8,27.2,28.9,28.9,27.9,27.1,25.3,23.6,22.65,21.9,21.7,21.3,20.7,17.2,1
2020-02-13,22,28.4,17,19.6,19.1,18.3,17.7,17.3,17,17.3,20.3,23.6,25.2,26.2,27.1,28.4,27.2,25.5,23.5,22.3,21.4,21.1,21.5,22,23.4,23.7,20.2,1
2020-02-14,22.2,28,17.7,20.8,19.5,19.7,19,18.4,17.9,17.7,21.2,23.4,24.9,26.4,27.6,28,26,23.4,23.9,23.1,22.3,21.9,21.8,21.6,21.6,21.9,22.7,1
2020-02-15,23.6,28.8,18.3,21.5,20.7,19.6,19.1,18.5,18.3,18.3,21.2,24.1,26.4,27.5,28.2,28.5,28.8,28,27,26.1,24.6,24.3,24,23.7,23.4,23.3,21.5,1
2020-02-16,17.6,23,12.4,22.5,22.1,22.8,22.1,21.4,21.3,21.2,22.8,19.1,17.5,17.9,17.2,15.5,15.3,14.9,13.3,14.5,13.9,12.7,12.9,12.4,13,13.1,23,1
2020-02-17,13,17.6,9.2,12,12,11.7,11.3,11.2,11.4,11.5,11.7,12.7,13.2,14.5,15.6,17.4,17.6,17.1,16.7,15.4,13.6,12.6,11.8,10.3,10.1,9.2,12.2,1
2020-02-18,13.6,21,7.8,8.9,8.2,8.2,8,7.8,8.7,9.6,10.8,11.9,13.9,16.7,18.3,19.5,20.3,21,21,19.2,17.1,15.6,13.5,12.2,11.5,11.3,8.8,1
2020-02-19,15.3,22.3,9.5,10.3,10.1,10.1,9.6,9.7,9.6,9.5,12.9,14.9,17.3,19.8,21.4,21.3,21.7,22.3,21.3,19.5,18.2,17.5,15.9,14.8,14.2,13.9,10.8,1
2020-02-20,17,23.7,11.9,13,12.7,12.6,12.3,11.9,12.1,12,13.7,16,17.7,19.9,22.1,23.3,23.7,23,22.6,21.9,20.1,19.1,17.3,16.8,16.3,15.7,13.2,1
2020-02-21,17.9,23.3,14.2,15.2,14.9,14.6,14.8,15,14.3,14.2,17.1,18.3,19.8,21.2,22.1,22.3,23.3,23.1,22,20.5,18.9,18,17.3,16.1,15.8,15.5,15.4,1
2020-02-22,18.9,25.3,14,14.7,14.3,14,14,14.1,14.5,14.3,16,17.6,19.5,21.6,22.8,23.7,24.3,25.3,24.4,23.6,22.4,21,19.9,19.5,19,18.5,15.1,1
2020-02-23,19.7,26.2,15,16.5,16,15.7,15.5,15.2,15,15.1,18,19.3,21.3,23,25,25.4,25.9,26.2,25,23.8,21.9,20.3,19.1,18.2,17.7,17.3,17.1,1
2020-02-24,20,26,15.3,16.8,16.2,15.7,15.4,15.5,15.3,15.3,18,20.4,21.7,24.2,25.3,26,25.6,24.7,23.2,24,22.7,21.6,19.8,18.9,18.5,17.8,16.9,1
2020-02-25,21.9,28.5,16.2,17.1,16.7,16.3,16.2,16.3,16.3,16.6,20.4,23,24.8,26.2,26.7,27.5,27.9,28.5,28.3,27.5,25.4,24,21.7,20.5,20.1,19.9,17.3,1
2020-02-26,22.6,28.4,17,19,18.3,18,17.8,17.6,17,17.4,21.8,24.6,26.4,27.6,28.4,27.9,28.2,28.3,27.1,26.1,24.5,23.2,22.5,20.7,20.1,19.7,19.2,1
2020-02-27,21.3,27,18.3,18.6,18.8,18.7,19,18.3,18.5,18.7,19.5,20.6,22.1,23.9,25,26.3,27,26,25.5,24,22.3,21.3,20.2,19.5,19,18.4,19.1,1
2020-02-28,21.1,26.1,17.6,17.6,17.6,18.2,17.8,18.3,18.5,18.9,20.5,22.5,24,24.9,25.8,26.1,25.2,24.5,24.1,23.2,22.5,21.2,20.3,19.7,19.3,18.6,17.8,1
2020-02-29,22.5,27.9,17.9,18.4,18.1,18.1,17.9,18.4,18.7,19,19.7,23.4,24.9,25.9,27.3,27,27.9,27.9,26.9,26,23.9,23.4,23.3,22.7,22,21.7,18.5,1
2020-03-01,22.6,28,18.5,21,20.1,19.7,19.5,18.8,18.5,18.9,22.3,25.1,26.3,27.5,28,27.8,27.3,26.2,25.6,23.5,22.9,22,21,20.7,20.1,19.5,21.2,1
2020-03-02,20.7,26,18,19.4,18.6,18.6,18.6,18.3,18.1,18,18.6,19.8,20.5,22.3,23.5,25.1,26,25.8,25.4,24,22.1,20.8,19.4,18.6,18,18.1,19.8,1
2020-03-03,21.3,27.5,15.8,18,17.8,17.5,16.9,16,15.8,16.2,18.3,20.8,22.1,23.4,24.9,26.2,27.2,27.5,26.2,25.4,24.3,23.4,22.1,21.4,21,20.7,18.2,1
2020-03-04,21.1,24.7,16.4,20.3,20.5,20.1,20.1,19.9,19.4,19.1,21.6,23.4,23.8,23.8,24.2,24.7,23.7,24.6,23.7,22,20.1,19.7,18.8,18,17.4,16.4,20.1,1
2020-03-05,16.8,20.5,14.8,16,15.8,15.4,15.1,15.2,15.2,14.9,14.8,15,16,17.7,18.5,19.9,20.5,19.3,18.6,17.7,17.4,17,16.7,16.6,16.2,16.2,16.8,1
2020-03-06,19.5,25.2,15.3,15.6,15.5,15.3,15.5,15.7,15.6,15.7,17.4,18.5,20.2,21.6,23.1,24.2,24.4,25.2,24.3,23.5,21.6,20.8,20.2,20,19.4,19.1,15.9,1
2020-03-07,22.4,28.3,17.7,19.1,19,19.1,18.9,18.1,17.7,18,20.1,21.9,24,25.8,27.5,27.7,28.3,27.9,25.9,25.2,24.4,23.8,23,21.8,21.5,20.5,19.4,1
2020-03-08,22.1,27.3,18.4,20.5,20.1,19.6,19.1,18.7,18.4,19.1,21.2,22.2,24,26.1,26.7,27,27.3,25.3,23.7,22.7,21.9,21.5,21.6,21.5,21.3,21.2,20.2,1
2020-03-09,25.1,31.6,19.5,20.9,20.8,20.5,19.7,19.5,19.7,21.1,23.9,26.3,28.2,29.6,30.9,31.5,31.6,30.6,28.9,26.7,25.9,25.5,25.2,25.1,25,24.8,21.2,1
2020-03-10,20.9,24.3,17.4,24.3,24,24.1,24.1,22.7,23.1,19.1,19.2,19.1,19,20.2,21.8,22.6,22.4,21,22.3,21,19.5,17.8,17.4,17.4,17.7,17.7,24.2,1
2020-03-11,19.2,23.8,16.1,17.1,17.4,16.8,17,16.6,16.3,16.1,17.2,17.7,18.6,20.1,21.7,23,23.8,22.3,21.9,21.1,20.9,20.2,19.9,19.2,19.3,18.6,17.3,1
2020-03-12,20.8,24.6,18.3,18.5,19,18.9,18.8,19.2,19.1,19.4,20,20.4,21.5,23.7,24.6,24,22.2,22.8,23.4,21.9,21.3,20.7,20.2,20.4,20.4,20.8,18.3,1
2020-03-13,22.3,27.6,19.1,20.2,20,19.5,19.1,19.1,19.2,19.3,21.1,22.5,23.4,24.8,25.8,27.6,27.6,25.3,24.5,23.9,22.9,22.6,21.9,22,21.8,21.4,20.3,1
2020-03-14,17.7,21.3,15.5,20.9,20.5,19.4,18.8,18.1,17.5,17.1,17,16.4,16.3,15.9,16.9,17.3,17.3,18.1,18.7,18.4,17.8,17.4,17,16.1,15.5,15.7,21.3,1
2020-03-15,17.7,24.2,12.5,15.5,14.8,14.5,14.2,13,12.5,13.4,15.8,17.5,18.1,19.1,20.6,22.3,22.6,23.3,24.2,22.7,20.6,19.2,17,15.9,15.9,16.8,15.3,1
2020-03-16,19.8,25.1,14.4,16.3,16.3,16,15.1,14.5,14.4,16,18.2,21.4,22.6,23.4,24.6,25,25,25.1,24.3,23.5,21.6,21,19.3,18.6,18,18.3,16.4,1
2020-03-17,21,26.3,17.4,18.1,18.2,17.4,17.4,17.8,17.4,17.6,19.6,22.1,23.6,25,26,26.3,25.8,24.4,24.2,22.6,22.1,21.9,20.6,19.9,19.1,18.7,17.5,1
2020-03-18,21,24.2,18.2,18.5,18.4,18.3,18.2,18.7,18.2,18.9,20.4,22.5,23.5,24,24.2,24,23.7,23.2,23,22.5,21.6,21.6,20.7,20.4,20.6,20,19,1
2020-03-19,21.7,26,19.4,19.8,19.5,19.6,19.8,19.7,20.1,20,19.4,20.1,21.1,22.4,24.6,25.4,26,25.2,25.1,23.5,23.1,22.2,21.8,21.5,21.1,21,19.6,1
2020-03-20,22.6,26.5,19.9,20.4,20.4,20.5,20.5,19.9,20,19.9,21.5,22.2,23.3,25.3,26.5,26.4,25.6,25.5,25.6,24.5,23.4,22.5,22.4,21.7,21.5,21.1,20.6,1
2020-03-21,23.6,28.3,19.2,20.5,20.7,20.6,20.4,19.7,19.2,19.8,23.1,24.8,26.3,28.3,27,27.1,27.4,28,26.8,26.4,25,23.4,23.1,23.2,23.2,23,20.5,1
2020-03-22,25.2,29.5,21.6,22.9,22.2,21.6,21.9,21.8,22.1,22.9,23.6,25.4,26.8,27.6,27.9,28.3,29.1,29.5,29.5,29.2,27.4,25.9,24.7,24.1,23.4,23.5,23.3,1
2020-03-23,24.4,29.1,20.6,23.1,22.3,22.5,22.1,20.9,20.6,21.2,24.4,25.2,26.8,27.8,27.6,28.7,29.1,28.5,27.7,27,24.9,23.5,23.1,22.3,21.7,20.9,23.5,1
2020-03-24,23.3,27,20.1,20.9,21.3,21.1,20.2,20.1,20.3,20.4,21.9,23.8,25.5,26.7,27,26.7,26.8,26.3,26.5,25.9,24.1,23.7,23.4,22.9,22,21.9,20.4,1
2020-03-25,24.1,28.8,20.4,21.9,22.2,22,20.9,20.8,20.4,21.4,23.8,24.5,26,27.5,28.7,28.8,27.3,27.6,26.5,26.4,24.9,23.6,23.8,23.1,22.5,22.4,21.9,1
2020-03-26,25.5,31.7,20.9,21.1,21.3,21.3,21.4,21.2,20.9,21.8,23.3,25.9,27.6,29.1,30.1,31.2,31.7,30.8,30.2,28.8,27.6,26.4,25.7,25.7,25.2,23.9,21.7,1
2020-03-27,25.9,31.3,22.2,23.8,23.2,23.7,23.8,23,23.4,24.4,26.5,28.4,29.5,30.1,30.9,31.3,31.1,29.9,28.5,27.5,24.6,23.7,23,22.7,22.3,22.2,23.5,1
2020-03-28,21.9,25.1,17.5,22.4,22.4,22.7,22,22,21.3,21.4,21.4,21.5,23.6,24.6,25.1,24.7,24.1,22.5,22.9,22,20.3,18.6,17.5,17.5,21.35,21.2,22.3,1
2020-03-30,22.4,26,20.2,21.2,21.2,21.15,20.85,20.95,20.4,20.7,21.15,22.45,24.75,26,24.3,23.1,24.1,24,23.2,21.7,21.5,21.5,21.3,20.4,20.4,20.2,21.05,1
2020-03-31,23.2,29.4,19.5,20,20,19.6,19.7,19.9,19.5,20,20.9,23.4,25.9,29.4,28.7,25.9,26.8,26.4,26.6,26,25.4,23,23,22.9,22.7,21.6,19.8,1
2020-04-01,22,25.7,18.7,20.7,20.8,21,21,20.8,20.8,21.2,21.4,22.8,24.7,25.6,25.5,25.2,25.5,25.7,24.2,22.4,20.8,20,19.4,19.1,18.8,18.7,21,1
2020-04-02,19.9,23.4,17.6,18.2,18,18.3,18.1,17.9,18.4,17.6,17.6,18.4,18.6,21.3,22.4,23.4,23,22.7,22.1,21.7,20.9,20.8,20.6,20.6,20.1,19.5,18.3,1
2020-04-03,21.1,26.2,18.9,19.5,19.1,18.9,18.9,19,18.9,19.1,20.2,21.9,23.3,24.6,26.2,24.8,24,23.4,22.5,21.7,21.2,20.4,19.8,19.8,19.9,19.1,19.9,1
2020-04-04,20.5,23.9,18,19,18.9,19.1,18.7,19.1,18.5,19.4,21,21.6,23,23.9,23.7,23.6,23.9,23.8,22.6,20.3,20,20,18.7,18.4,18.3,18,19.2,1
2020-04-05,18.3,21.5,16.2,17.6,17.7,17.5,17.1,17,17.1,17.9,18.9,20.4,21.5,21.1,21.1,20.5,20.3,20.5,19.8,17.8,16.6,16.4,16.3,16.4,16.2,16.7,17.8,1
2020-04-06,18,20.8,16,16.1,16.1,16.5,16,16.2,16,16.4,17.1,17.8,19.2,20.8,20.7,20,20.4,20.6,20.4,18.9,18,17.8,17.9,17.9,18,18,16.1,1
2020-04-07,19.3,24.1,16.1,17.7,17.7,17.4,17.7,17,16.7,16.9,18.7,20.2,20.8,22.6,23.1,24,24.1,23.4,21.9,20,18.8,18.1,17.9,17,16.6,16.1,17.9,1
2020-04-08,20.3,25.5,15.4,15.8,15.4,15.4,15.6,15.6,15.8,16.7,18.8,20.3,21.7,24,25.5,25.1,25.1,25,24.9,23.6,22.5,22,21.2,20.5,20.1,19.8,16,1
2020-04-09,22,27.5,18.4,19.6,19.3,18.7,18.8,18.7,18.4,18.8,20,21.2,23.2,25.1,26.6,27,26.6,27.5,27.5,26.4,24.1,22.5,20.5,19.6,19.1,18.9,19.6,1
2020-04-10,22.8,28,17.6,18.2,18.4,18.4,18.5,18.1,17.6,19.4,21.7,23.9,25.4,27.3,28,27.8,27.9,27.8,27.1,26.2,24.2,23.5,21.8,21.9,23.1,22.9,18.5,1
2020-04-11,21.9,26.5,19.5,21.7,21,20.2,19.5,19.9,20.4,20.9,23.2,24.8,24.4,25.2,25.7,26.5,25.7,22.4,21.5,20.5,20.2,19.9,19.9,20.1,20.3,20,22.2,1
2020-04-12,18.6,21.8,14.9,18.5,18.6,18.3,18.1,17.9,18.1,18.1,19.5,20,20.4,21,21.8,20.7,21,20.9,19.6,19,17.8,17,16.4,15.1,14.9,15.3,19.2,1
2020-04-13,16.7,22.8,9,11.6,11,10.3,9.5,9.1,9,13,17,19.8,21.3,22.3,22.8,22.8,22.8,22.8,22.2,21.2,19.5,18.1,16.6,15,15.6,14.5,12.4,1
2020-04-14,19,24.1,13.7,14,13.7,13.9,13.9,14.1,14.9,16.8,18.9,22.6,23.2,23.5,23.7,23.4,24.1,23.8,22.9,21.8,20.7,20.2,19.1,18.6,18.6,18.9,14.1,1
2020-04-15,21.7,26.9,17.8,19.4,18.2,18.2,18.4,18.4,18.2,19.1,21,23.3,24.4,26.2,26.4,26.8,26.9,25.6,25.7,24.6,23,22,19.9,19.1,18.5,17.8,19.1,1
2020-04-16,21.4,28.2,14.5,16.7,16.3,15.5,16,14.7,14.5,17.5,20.8,23.1,24.5,26.9,27.4,28.2,27.8,27.5,27.3,25.9,24.4,21.8,20.7,20,19.3,18.6,17.1,1
2020-04-17,22.4,28.3,16.3,17.4,17,16.8,16.7,16.3,16.6,19.5,21.9,25.2,26.6,27.6,27.9,28.3,28,27.4,27,26.1,24.9,23.3,22,21.6,21.2,20.7,17.8,1
2020-04-18,25.1,30.2,20.2,21.3,21.7,21.6,20.5,20.9,20.2,22.5,24.7,28.1,28.9,30.1,30.2,29.1,28.4,29.4,28.4,27.9,26.7,25.3,24.1,23.7,23.7,23.6,20.3,1
2020-04-19,26.4,31.2,22.6,24,23.5,22.7,22.6,23,23,24.5,26.6,27.8,29.7,30.3,31.2,31.2,30.1,29.8,28.7,28.4,27.5,26.6,25.1,25.6,24.6,24.2,23.1,1
2020-04-20,26.1,29.8,23.6,24.6,24.5,24.1,23.9,23.6,23.7,24,24.9,27.5,28.3,29.7,29.8,29.5,29.4,29.3,28.4,27.1,26.4,25.4,25.4,25.1,23.8,23.7,24.6,1
2020-04-21,24.8,28.6,22,23.5,23.6,23.5,23.4,22.8,22.4,24.3,25.9,27.7,27.7,28.6,28.6,28,27.2,26.9,26.1,25,24.3,23.3,22.9,22.3,22.1,22,23.7,1
2020-04-22,22.5,27.3,20.3,21.6,21.7,21.6,21.2,21,20.6,21,21.4,22.5,22.5,23.3,24.3,26.1,26.9,27.3,24.4,22.8,22.3,21.6,21.3,21,20.3,20.6,21.7,1
2020-04-23,20.3,23.3,17.6,18.8,19.3,19.7,18.9,18.8,19.2,19.6,20.7,21.3,20.6,20.6,22.7,23.3,23.2,22.3,22.8,22.4,21.1,20.4,18.4,18,18.1,17.6,20,1
2020-04-24,18.2,19.8,16.8,17.1,17.1,17.1,17,17.1,16.8,17.1,17.7,17.9,18,18.4,18.6,19.4,19.8,19.5,19.6,19.3,19.3,19,18.7,18.5,18.6,18.7,17.2,1
2020-04-25,21.6,25.3,18,19.2,19.6,19,18.7,18,18,19.1,20.1,21.4,23.1,24.4,25,25.3,25.1,24.9,24.3,23.5,22.7,21.9,21.9,21.8,21,20.9,18.9,1
2020-04-26,22.9,26.3,19.9,20.4,20.1,20.1,20.2,19.9,20.1,20.9,22.7,23.9,25.8,25,26.3,25.6,26.2,25.8,25.8,25.4,24.2,23.4,22.8,21.9,21.9,21.6,20.5,1
2020-04-27,23,26.7,19.9,20.5,20.4,19.9,20.5,20.2,20.4,21.6,22.3,23.2,24.5,25.3,25.5,25.5,25.5,26.1,26.7,26.6,25.8,24.4,22.8,21.6,21.1,20.7,21.1,1
2020-04-28,24.3,29.9,19.9,21,20.6,19.9,20,20,20,22.4,23.9,25.2,26.7,27.6,28.7,29.5,29.9,29.6,28.1,27,26,24.8,23.4,22.6,22.1,22.9,20.6,1
2020-04-29,24.7,29.5,20.1,22,21.4,20.6,20.1,20.5,20.9,22.4,25.4,26.5,27.5,28.2,28.9,29.5,29.3,29.3,28.9,27.9,26.4,24.8,23.3,22.4,22.3,22,22.3,1
2020-04-30,24.8,30.4,19.3,21.7,20.8,20,19.5,19.5,19.3,22.3,24.7,26.4,28,29.7,30.4,29.8,30.1,29.1,28.7,28.4,26.8,25.8,23.5,23.3,22.7,23.1,21.9,1
2020-05-01,25.9,31,20.7,22.7,21.9,21.3,21.3,20.7,21.8,23.2,25.1,27.4,28.5,29.7,31,30.4,30.2,30.3,30.3,29.4,27.8,26.7,25.5,25.3,25.1,24.6,22,1
2020-05-02,26.8,31,23.2,23.4,23.7,23.8,24,23.2,23.3,24.4,28.4,29.4,30.6,31,30.2,30.1,29.5,29.9,29.1,28.9,27.8,27.3,26.9,25.5,25.1,24.6,24.2,1
2020-05-03,27.6,31.6,23.4,24.5,24.1,24.1,23.9,23.4,24.8,25.9,27.9,29.3,29.8,31,29.9,31.6,31.3,31.6,31.3,30.7,29.3,28.1,26.9,26.2,25.9,25.9,24.9,1
2020-05-04,28.3,33.2,24.9,25.5,25.1,25.1,24.9,25.2,24.9,26.4,27.6,29,30.6,31.9,32.8,33.2,33.1,32.3,31.5,30.7,29,27.7,27,26.8,26.2,26.2,26,1
2020-05-05,28.9,34.1,24.9,26.3,26.2,26,25.4,24.9,25.1,26.8,28.9,31.5,32.4,32.3,34.1,33.4,32.8,31.2,30.3,31.2,29.6,28.8,28.2,27.6,26.7,27.1,26.3,1
2020-05-06,28.8,33.1,25.5,27.2,27.3,26.9,26.4,26.4,25.5,27.5,28.8,30.8,31.1,31.9,32.6,33.1,32,32.4,30.7,29.2,28.3,27.6,27.6,27.4,27.6,27.1,26.8,1
2020-05-07,28.6,32.6,25.4,26.1,26.3,25.8,25.4,26,26.7,27.5,29.3,31,31.4,32.6,31.5,32.1,32.1,32.3,30.9,29.8,28.1,27.6,26.6,27,27.6,27.5,26,1
2020-05-08,28.9,33.5,24.2,26,25,24.6,24.4,24.2,24.8,26.5,28.9,31.2,31.8,33.2,32.6,33.5,33.3,32.5,31.7,30.7,29.8,29.5,28.6,28,28.2,27.7,26.7,1
2020-05-09,29.4,33.4,25.8,26.4,26.5,26.1,26.1,26.1,25.8,27.6,29.2,31.1,31.8,32.7,32.9,33.4,33.1,33.1,32.1,31.4,30.6,29.4,28.7,28.6,28.6,28,26.4,1
2020-05-10,29.6,34.6,26.5,27.4,26.7,26.8,27,26.8,26.8,28.3,30.2,31.2,33.1,33.9,34.5,34.6,33.8,33.8,32.9,30.5,28.6,28,27.2,26.7,26.5,26.5,27.6,1
2020-05-11,28.2,32.8,25.2,25.7,25.8,25.5,25.5,25.2,25.3,26.8,27.7,29.9,30.5,30.7,31.4,32.8,31.8,32.4,31.2,30.5,29.3,27.7,27.1,26.9,26.2,25.5,26.1,1
2020-05-12,26.3,28.8,23.8,25.8,25.4,25.3,25.2,24.9,25.6,26.2,26.4,26.1,26.9,28.1,27.5,28.8,28.7,28.7,28.3,27.4,26.5,25.8,24.9,24.2,24.1,23.8,25.4,1
2020-05-13,27.6,32.9,23,23.4,23.2,23,23.2,23.1,23.8,25.2,27.7,29.3,30.1,30.4,31.1,32,32.5,32.9,31.7,31.1,29.6,28.2,27,27,26,26.2,24,1
2020-05-14,27.8,32.4,24.3,26.1,25.9,25.1,24.6,24.3,24.5,25.4,26.9,29.3,29.7,31,31.6,32.4,31,30.3,30.5,29.7,28.7,27.6,27.2,27,26.4,26.4,26.2,1
2020-05-15,28.1,32.6,23.5,25,24.2,23.8,23.8,23.5,24.5,26.9,28.9,30.5,32.4,32.2,31.8,32.6,32.2,31.4,31.5,30.3,29.3,28.2,27.5,27.2,26.3,25.8,25.5,1
2020-05-16,26.8,32.3,23.4,25.3,25.8,25.4,25.2,24.8,25.3,26.8,28.6,29.8,32.3,32,30.3,31.4,31.5,31.5,25.2,23.5,24,24.3,24.4,24,23.5,23.4,25.6,1
2020-05-17,27.3,32.7,22.3,22.6,22.4,22.4,22.3,22.6,23.3,25.3,27.1,29.9,30.6,31.7,31.2,31.8,32.7,31.9,32.2,31.1,29.6,27.9,27.3,26,25.8,25.2,23.2,1
2020-05-18,25.8,28.4,23,26,26.1,25.7,25.2,24.9,25.2,26.8,27.4,26.7,23,24.3,26.6,27,28.2,28.4,27.2,26.7,24.7,24.5,24.2,24.7,24.5,24.6,25.6,1
2020-05-19,23.4,27.3,22.1,23.2,24.3,24.7,24.2,22.7,22.3,22.2,22.4,22.2,22.2,23.1,24.8,26,27.3,24.5,23.6,22.7,22.7,22.7,22.6,22.5,22.3,22.1,24.4,1
2020-05-20,25.5,30.7,22,22.1,22,22.1,22.2,22.1,22.1,22.9,24.1,25.7,27.7,29.4,30.1,29.5,30.7,30.3,28.9,27.6,26.2,25.5,25.3,25.1,24.7,24.6,22,1
2020-05-21,25.5,28.9,23,24.5,24.9,24.3,24.2,24.4,24.7,25.2,25.7,27.3,28,28.7,28.9,28.4,28.4,26.6,25.7,24.2,24,23.8,24,23.9,23.6,23,24.5,1
2020-05-22,24.6,26.2,23,23.5,23.2,23.3,24.2,24.1,24,24.3,24.8,24.8,25.6,25.2,26,26.2,25.5,25.6,25.6,25,24.7,24.2,24.3,24.3,24.5,24.4,23,1
2020-05-23,25.1,26.9,23.7,24.1,24.1,24,24.1,24,23.7,23.7,23.9,24.7,25.6,25.8,26.4,25.9,26.8,26.9,26.5,25.8,26.3,25.7,25.4,25.3,25,24.9,24.3,1
2020-05-24,27.4,31.3,24.2,24.4,24.3,24.2,24.3,24.3,24.3,24.5,26.5,27.9,29.9,29.6,31.2,31.3,30.8,30.6,30.1,30.5,29.5,27.3,26.5,26.5,26.5,25.9,24.6,1
2020-05-25,27.9,31.6,25.1,25.8,25.3,25.8,25.8,25.1,25.2,26.5,27.6,28.3,30.3,30.9,31.6,30.9,30.9,31,30.4,30.5,29.5,27.8,27.2,26.6,25.9,25.5,25.6,1
2020-05-26,26.5,29.2,24.5,26.3,26.1,26.1,25.8,26,25.5,27.5,28.5,28.9,29.2,27.4,27.6,24.6,25.3,24.8,27,27.9,27.7,26.6,26.3,26.2,24.8,24.5,26,1
2020-05-27,25.4,27.5,24.5,24.8,24.7,24.7,24.5,24.9,25.2,26.2,27.3,27.5,26.8,25.2,25.3,25.3,24.9,24.9,25.5,25.7,25.8,25.3,25.1,25.2,24.9,24.8,24.5,1
2020-05-28,25.5,28.5,24.3,25,25,24.4,24.3,24.4,24.4,24.8,24.5,24.6,25.6,28.4,28.5,25.2,26,27.1,26.4,26.7,26.5,25.9,25.3,25.1,24.9,25,25.1,1
2020-05-29,26.4,31.1,24.3,24.3,24.8,24.5,24.4,24.3,24.4,25.7,26.6,28.8,29.9,31.1,30.7,29.5,29.6,27.3,25.1,26.9,26.8,25.8,25.4,24.4,24.8,24.9,24.6,1
2020-05-30,27.7,32.1,23.6,24.3,24.2,24.2,24,23.6,24.2,26,28.4,30.1,30.6,30.1,31.1,32.1,31.3,29.6,30.3,29.7,29.6,28.3,28,27.5,26.8,26.7,24.7,1
2020-05-31,28.8,32.1,25.9,26.8,26.1,26.5,26.8,26.3,25.9,27.2,29.8,31.4,31,31.8,30.4,31.7,31.4,32.1,31.8,31.4,29.1,28.2,27.9,27.5,26.8,27.6,26.8,1
2020-06-01,29.2,33,25.2,27,26.2,25.8,25.5,25.2,26.3,28.3,29.8,30.7,32,32.4,32.5,31.7,32.5,33,32.1,31.7,30.4,29.1,28.4,28.1,27.3,27,27.1,1
2020-06-02,28.8,32.7,25.4,26.3,26.1,25.6,25.6,25.4,25.5,27.6,29.6,30.5,31.4,32.7,31.9,32.3,32.2,32,31.2,30.4,29.2,28.5,28.3,28,27.2,26.7,26.8,1
2020-06-03,29.1,33,25,26.1,25.5,25.3,25.6,25,25.2,28,29.6,31,31.9,31.3,32.6,32.8,33,32.8,32.9,32.4,31.5,29.3,28.5,27.9,27.2,27.1,26.8,1
2020-06-04,29.3,34.1,25,26,25.7,25.5,25.1,25,25.7,27.9,30,31.1,32.2,33,32.8,32.8,34.1,33.5,33,32.1,31.1,29.3,28.7,27.4,27.8,27.2,27,1
2020-06-05,29.8,33.3,25.7,26.4,26.1,26.2,26.5,25.7,26,27,30.5,31.7,32.9,33.1,33.3,32.9,32.1,32.9,32.5,32.9,31.9,30.2,29.6,29.3,28.8,28.4,27.1,1
2020-06-06,28.6,33.5,26.1,27.4,26.6,26.2,26.3,26.2,27,28.3,29.2,29.8,29.7,31.5,33.5,33.2,32.3,32.4,31,30,27.2,26.3,26.4,26.2,26.1,26.2,27.9,1
2020-06-07,26.9,32.5,24.2,26,26.8,26,25.6,25.6,25.6,27.2,30.4,30,32.5,31,25.3,27.3,29,26.9,27,26.8,25.7,25.7,25.1,24.9,25.2,24.2,26.1,1
2020-06-08,25.2,28.6,22.8,25.2,25.1,25.6,25.2,25.3,24.9,26.4,26.5,27,27.8,28.6,28.6,28.5,27.7,24,23.3,23.4,23.3,22.8,23.2,23.3,23,23.2,24,1
2020-06-09,25.5,29.9,23.4,24.2,23.9,23.7,23.7,23.4,23.7,24.2,26.1,27.4,28.4,28.8,29.4,29.9,28.9,29.4,27,24.6,23.4,23.8,23.8,23.4,23.9,24.2,24.3,1
2020-06-10,27.9,32.4,23.6,24,23.6,24.1,24.7,23.8,24.4,25,26.1,29.3,31.1,32.2,32,31.4,31.3,31.9,32.4,30.8,29.8,28.6,27.5,27,27.5,27.1,23.9,1
2020-06-11,26,26.9,25.7,25.9,26,25.8,25.7,25.8,26.1,26.9,28.4,30.9,32.15,31.8,31.65,31.75,31.05,32,31.8,30.9,30.05,29,28.1,27.3,27.2,26.9,26,1
2020-06-12,30,32.1,26.7,25.95,25.9,25.8,25.7,25.8,26.1,26.9,28.4,30.9,32.15,31.4,31.3,32.1,30.8,32.1,31.2,31,30.3,29.4,28.7,27.6,26.9,26.7,26.1,1
2020-06-13,28.9,33.5,25.7,26,25.8,25.8,25.9,25.7,26.3,28.7,30.7,32.5,33.2,32.6,33.2,33.5,32.8,33.1,31.1,28.9,27.5,27.5,26.7,27,26.6,26.2,26.2,1
2020-06-14,28.2,33.3,25.1,25.5,25.4,25.7,25.3,25.1,25.9,28.3,30.1,30.8,32.1,33.1,33.3,32.95,33,33.2,31.95,29.45,28,27.45,26.5,26.55,26.15,26,26,1
2020-06-15,28.4,33.3,24.1,24.45,24.8,24.8,24.6,24.1,25.2,27.4,29,30.8,31.7,32.5,32.4,32.4,33.2,33.3,32.8,30,28.5,27.4,26.3,26.1,25.7,25.8,25.3,1
2020-06-16,28.9,33.1,24.8,25.6,25.4,25.1,25,24.8,25.8,27.5,29.3,31.2,32,32,33.1,32.9,31.8,32.1,31.7,30.9,30.8,29.3,28.8,28.1,27.4,27.1,25.8,1
2020-06-17,29,33.7,25,26,25.9,25.7,25.2,25,26.5,28.6,29.5,30.8,31,32.25,33.5,33.6,33.7,33.1,33.3,32.7,31.2,29.5,27.9,27.6,27.5,26.8,26.7,1
2020-06-18,29.6,34.6,25.8,26.1,26.3,26,25.8,25.9,26.5,27.2,29.6,31.1,32,31.6,33.8,33.5,34.3,34.6,33.9,32.6,31,30.1,29,28.3,28.2,27.6,26.4,1
2020-06-19,29.5,33.4,25.6,26.4,26.1,25.9,25.8,25.6,25.8,27.9,29.8,31.1,32.1,33.2,33.3,33.1,33.4,33.2,32.4,32.2,31.1,29.9,28.3,27.5,28.3,27.8,27.3,1
2020-06-20,29.7,33.1,26.3,26.3,26.7,26.5,26.5,26.5,27.1,29,30.2,31.3,32,32.6,32.8,32.8,32.7,32.9,33.1,32.2,31.6,30.1,29.1,28.6,28,27.7,27,1
2020-06-21,29.2,33.2,25.8,27.1,26.4,26,25.8,25.8,26.8,29.1,30.2,31,29.9,29.3,30.2,31.1,33.2,32.7,32.1,31.6,31.4,29.9,29.1,28.7,28.5,27.3,27.4,1
2020-06-22,29.6,34.1,25.6,26.7,26.4,26,25.6,25.8,26.6,26.4,29.2,31.2,32,32.2,33.4,34,34.1,33.9,33.2,32.2,31.4,30.2,29.3,28.7,28.2,27.4,27,1
2020-06-23,30.2,34,26.3,27.2,27.2,26.3,26.8,26.4,26.7,28.8,31.1,31.8,33.3,33.5,34,33.9,33.5,33.6,33.1,32.3,31.6,30.7,29.7,29.3,28.8,28.1,26.3,1
2020-06-24,30,33.8,26.1,27,26.9,26.7,26.6,26.1,26.3,27.9,30.7,31.3,32.5,32.7,33.7,33.7,33.8,33.6,33,31.9,31,30.2,29.8,29.5,29.2,28.9,27.4,1
2020-06-25,30.4,34.3,26.5,27.6,27.7,27.2,26.8,26.5,27.1,28.9,29.8,31.9,33.2,34.1,34.3,34,33.6,34.2,33.2,32.9,31.6,30.3,29.9,29.4,28.9,28.7,28.4,1
2020-06-26,27.6,35.3,24.1,27.4,27,27,26.7,26.4,26.6,28.1,29.4,32.1,32,34.2,35.3,33.1,28.6,24.2,25.5,24.1,24.3,24.1,24.3,24.9,24.6,24.9,27.9,1
2020-06-27,28.7,33,23.8,25,25.1,24.8,24.5,23.8,24.9,26.7,29.7,31.2,32.4,32.8,32.8,33,32.6,32.4,32.7,30.8,29.6,28.9,27.8,27.6,27.5,27,25.3,1
2020-06-28,29.7,34.5,26.2,26.5,26.8,26.9,26.4,26.2,26.5,28.9,30.2,31.5,32.5,33.6,34.2,34.5,33.9,33.1,33,32,31.1,28.7,28,27.2,27.2,27.2,26.8,1
2020-06-29,30.5,34.9,26.5,27.8,28.2,27.8,26.9,26.5,26.6,28.6,28.7,31,32.5,32,33.8,34,34.6,34.9,34.3,34.1,32.4,31,30.3,29.6,29,29,27.8,1
2020-06-30,30.3,34.4,27.3,28.5,28.4,28,27.6,27.4,27.3,28.5,30,31.3,32.4,32.7,34.4,33.1,33.3,33.3,33.5,31.9,30.9,30.2,29.5,29.1,28.9,28.3,28.6,1
2020-07-01,28.8,34.1,25.7,27.4,27,27.1,26.8,26.8,26.8,28.9,30.7,31.8,32.5,33.1,33.6,34.1,31.5,30.1,30.8,26.7,25.7,26.2,26.2,26.3,26.3,26.2,27.5,1
2020-07-02,28.6,34.3,25.4,26,25.6,26.45,26.3,26.25,26.2,27.5,29.5,32.2,32.8,33.6,34,34.3,31.1,30.2,27.8,26.5,25.9,25.5,25.5,25.4,25.4,25.5,26.4,1
2020-07-03,27.9,33.9,25.3,25.6,25.7,25.8,25.8,25.7,25.6,26.1,27.4,31.1,32.4,33.2,33.9,33.8,33.4,32.3,26.4,26.5,26,25.8,25.3,25.3,25.5,25.8,25.6,1
2020-07-04,28.9,33.9,25.2,25.6,25.6,25.3,25.2,25.2,25.5,26.5,27.5,30.1,31.8,32.6,33.6,33.4,33.9,32.5,32.8,31.5,30.7,28.3,27.7,27.5,27.2,27,25.8,1
2020-07-05,29.7,34,26.5,26.8,26.6,26.9,26.5,26.5,26.7,27.7,30,31.3,32.2,32.5,33.8,34,33.9,33.4,33.1,32.6,30.5,29,28.7,28,27.7,27.1,27.1,1
2020-07-06,29.2,32.7,26,26.7,26.4,26.3,26.3,26,26.6,28.6,30.7,31.7,31.5,32.2,27.6,31.3,29.8,30.2,32.7,31.9,31.1,29.8,29.6,29.3,28.7,28.3,26.8,1
2020-07-07,30.2,34.4,26.4,28.2,27.2,26.8,26.4,26.8,27.2,28.2,30.5,31.4,32.4,32.5,33.5,33.7,34,34.4,33.5,32.9,31,30.2,29.4,28.8,28.4,28.1,28.2,1
2020-07-08,30.5,34.9,26.8,27.1,26.8,26.8,27,27.1,27.2,28,30.3,31.7,33.1,33.7,34.4,34.9,34.7,33.6,33.2,32.2,31.3,30.4,29.9,29.3,28.65,28.25,27.5,1
2020-07-09,30.4,34.7,26.5,27,27.15,27.5,27.3,26.5,27.2,27.4,29.6,31.2,31.4,32.2,33.8,34.7,34.4,33.1,32.3,31.3,30.6,30.3,30.2,29.8,28.9,28.4,27.75,1
2020-07-10,30.1,35,26.2,28,27.7,26.9,26.8,26.2,26.5,27.6,31.2,32.9,33.5,34.1,35,31.7,32.1,33.7,33.7,33,30.4,29.5,29,28.3,28.3,27.7,28,1
2020-07-11,30.1,34.9,26,27.2,26.7,26.5,26.3,26,26.5,28.2,30.5,32.6,33.3,34.5,34.4,34.6,34.9,34,33.8,32.8,32.1,30.2,28.8,27.2,26.6,26.5,27.7,1
2020-07-12,30,35.1,25.1,25.8,25.5,25.5,25.2,25.1,25.4,26.9,30.1,31.9,33.2,34.4,34.8,35.1,35.1,34.8,34.5,33.6,31.9,30.4,29.8,29.2,28,28.6,26.3,1
2020-07-13,31.1,35.6,27,28.2,28.4,27.8,27.7,27.5,27,29.2,30.8,32.5,33,33.8,34.6,35.3,35.4,35.6,34.8,34.2,32.9,31.8,30.6,29,28.4,28,29,1
2020-07-14,31,35.5,27.2,27.3,27.9,27.9,27.2,27.7,28,29.2,31.2,31.6,32.7,34.5,34.4,35.5,34.5,34.4,34.7,33.6,32.2,31.2,30.3,30.1,29.9,29.9,27.8,1
2020-07-15,29.6,32.5,27.4,28,28.1,28.3,27.5,27.4,28.1,27.9,29.2,31.1,31.1,31.4,31,32.5,32.2,31.4,30.1,30.2,30.1,30.1,29.3,29.1,29,28.7,28.3,1
2020-07-16,28.4,31,26.3,28.5,28,28.1,28.3,28,27.9,27.2,26.3,27.4,28.2,27.6,27.7,29.9,30.1,30,31,30.6,30.1,29.3,26.9,27.9,27.3,27.1,28.8,1
2020-07-17,30,34.8,25.6,26.3,26.2,25.6,25.6,26.1,26.5,28.8,30,31.8,31.4,30.1,32.6,34.8,34.5,34.2,33.8,33,32.5,31.1,30.4,30.1,29.4,28.7,26.6,1
2020-07-18,31,35.3,26.7,27.6,27.5,27.4,27.2,26.7,27.4,28.8,31.3,32.2,33.2,34.6,34.7,35.3,35,35.3,34.5,33.4,32.5,31.2,30.4,29.9,29.4,29.1,28.3,1
2020-07-19,30,35,26.9,29,28.5,28.4,27.9,27.1,27.5,29.4,31.1,32.6,33.4,35,34.9,34.4,34.1,34.1,30.9,29.7,27.1,26.9,27.2,27.1,27,26.9,29.1,1
2020-07-20,28.7,35.8,24.6,26.2,25.5,25.4,25,24.6,25.3,27,29.4,32,32.5,33.7,34.8,35.5,35.8,34,34.1,28.1,25.2,25.9,26,25.8,25.5,25.4,26.5,1
2020-07-21,29.4,34.4,24.4,24.8,24.4,24.6,24.7,24.4,24.5,26.8,28.7,31,32.8,33.9,34.4,33.3,34.4,33.7,33.3,32.6,31.3,30.2,30,29.4,29.3,28,25.2,1
2020-07-22,30,34,25.9,27,26.6,26.5,26.4,25.9,26.2,29.4,30.6,32,32,32.6,33.3,34,33.4,33.6,33.7,32.2,31.9,30.2,29.6,28.9,28.7,28,27.2,1
2020-07-23,29.8,34.6,26.8,27.3,27.1,26.9,27.1,27,26.8,28.8,30.1,32.1,33,33.8,34.4,34.6,34.5,34.1,33.7,31.3,27.9,27.4,28,27.6,27.6,27.2,27.8,1
2020-07-24,30.3,34.8,25.9,26.5,26.1,26.4,25.9,26.1,26.2,27.2,30.3,32.3,33.5,32.8,33.7,34.1,34.5,34.2,34.8,34.4,33.2,31.4,30.8,29.1,28.8,28.5,26.9,1
2020-07-25,29.7,33.5,26.8,29.1,28.8,28.7,28.9,28.8,28.8,29.8,30.1,30.6,31.9,32.3,31.7,33.5,33.4,33,29.6,29.8,29.5,28.2,27.2,26.8,27.1,26.8,28.7,1
2020-07-26,28.4,34.3,22.8,26.2,25.9,25.7,25.5,25.6,25.4,27.4,29.6,32.6,33.1,33.6,34.3,30.7,30.5,31.6,31.8,31.7,27.8,22.8,25.1,26,25.8,25.9,26.7,1
2020-07-27,27.6,33.4,24.2,25.9,25.7,24.6,25.5,25.5,25.4,26.4,28.3,31,32.2,33.4,31.8,33.1,32.6,29.8,31,24.2,24.6,25.1,24.9,25.5,25.5,25.7,25.7,1
2020-07-28,27.5,33.5,24.5,26.3,26.1,26.2,25.8,25.9,26.2,26.7,29.1,31.5,32.1,32.9,33.5,33.1,32.6,27.1,24.9,24.8,24.9,25.2,25.2,24.8,24.7,24.5,26.2,1
2020-07-29,28,32,24.3,24.4,25,24.7,24.3,24.3,24.3,26.7,28.5,28.8,32,31.9,30.4,30.4,30.6,30.8,30.7,31,29.4,28.7,28.2,28,27.6,27,24.5,1
2020-07-30,28.6,32.2,26,26.2,26.7,26.4,26.1,26.2,26,26.8,27.4,28.4,30.2,30.2,31.7,32.2,32.2,32,30,29.2,29.1,28.4,28.7,28.3,28.1,27.8,26.9,1
2020-07-31,30.1,34.3,26.2,27,26.5,26.3,26.2,26.3,26.3,27.5,30.3,31.8,32.9,33.4,33.1,34.2,32.1,33.8,34.3,34.1,32,30.9,30.1,28.9,28.1,28,27.3,1
2020-08-01,28.5,34.5,25.7,27.4,26.9,26.5,26.1,25.7,25.8,27.8,30.2,32.5,32.2,32,34.5,34.5,31.6,29.9,26,26.9,27.7,27.2,26.7,26.3,26.3,26.3,27.9,1
2020-08-02,27.7,31.9,24.8,25.8,25.8,25.5,25.5,25.2,25.8,27.4,29.2,30.3,31.6,30.8,31.9,31.7,30.8,27.2,27.4,28.7,28.9,28.3,24.8,24.9,25.5,25.9,26.2,1
2020-08-03,25.6,27.9,24.3,26,26.1,25.8,25.9,25.9,25.8,26.3,26,26.1,27.5,27.9,26,24.8,25.2,25.9,25,24.9,25,24.9,24.8,24.6,24.3,24.3,25.9,1
2020-08-04,27.2,30.2,24.4,24.9,24.9,25.2,25.6,25.6,25.3,26.2,27.6,26.9,27.5,27.7,29,29.3,29.6,29.7,30.2,29.8,29.3,28.6,28.5,26.3,25.9,25.7,24.4,1
2020-08-05,28.8,33.3,24.4,24.7,24.8,24.5,24.5,24.4,24.5,26.2,29.4,31.3,31.5,32.9,33.2,33.3,33.3,31.9,31.1,31.8,31.1,30.1,28.5,27.7,27.3,27.1,25.6,1
2020-08-06,29.8,34.9,25.2,26.3,26.3,25.7,25.2,25.2,25.4,27.6,28.9,30.6,32.7,33.4,34.9,34.7,34.5,34.3,33.1,33.8,32.3,31,29.3,28.6,27.7,27.7,26.9,1
2020-08-07,29.7,33.8,26,27.6,27.1,26.9,26.8,26.2,26,27.4,28.9,30.45,32,32.1,33.4,33.3,33.6,33.8,33.5,32.3,31,29.7,29.1,28.8,28.2,27.7,27.7,1
2020-08-08,29.3,33.1,26.2,27,26.6,26.7,26.8,26.6,26.2,27.3,29,29.9,31.4,31.7,32.3,32.7,33.1,32.3,32.2,31.5,30.6,29.5,28.9,28.4,27.6,27.4,27.4,1
2020-08-09,29.5,33.3,26.9,27,27.5,27.3,27.4,27.3,27.2,27.3,29.1,30.5,32.4,31.8,31.9,33.3,33.2,33.3,32.8,32,30.7,30,28,27.5,27.4,26.9,27.3,1
2020-08-10,28.1,33.8,25.6,27.1,27,27,26.6,26,26.1,27.4,28.9,31.4,32.4,32.2,33.8,32,31.7,27.4,26.6,25.6,26.1,26.6,26.4,26.3,26.2,26.1,27.3,1
2020-08-11,27.1,30.1,25.4,25.7,25.5,25.4,25.5,25.6,25.5,26.2,26.7,27.7,28.5,29.7,30,27.5,28.4,30.1,29.6,29.3,26.6,26.3,25.9,25.9,26,25.9,25.9,1
2020-08-12,27.4,33.3,24.1,25.2,25.2,24.7,24.7,24.3,24.5,26.9,29.4,30.6,32,33,32.6,33.3,33,31.2,25.6,24.1,25.2,25.2,25.3,25.2,25.2,24.5,25.7,1
2020-08-13,28.4,32.9,23.8,24.4,24.4,24.3,24.1,23.9,23.8,25.8,28,30,31.1,31.9,31.5,32.5,32.8,32.6,32.9,32.2,31.2,30.2,28.1,27.5,27.1,26.6,24.5,1
2020-08-14,28.5,32.6,23.9,25.2,25.3,24.8,24,23.9,24.1,26.05,27.85,29.5,31.6,32.6,31.3,32.5,32.6,32,31.7,30.8,29.8,29.3,29.2,28.3,27.4,26.1,25.8,1
2020-08-15,27.1,31.7,25.1,25.65,26.2,25.9,25.8,25.6,25.6,26.3,27.7,29,30.4,31,31.7,31.4,30.3,25.5,25.9,26.1,25.8,25.5,25.4,25.6,25.1,25.3,26.1,1
2020-08-16,26.5,31.6,23.5,24.3,24.4,24.1,23.9,23.8,23.5,25.3,27.3,28.8,30.3,31.6,31.95,32.1,31.5,29.3,31.6,29.2,27.8,27.5,27.3,26.9,26.5,25.9,24.7,1
2020-08-17,28.7,33.6,24.5,25.3,25.1,24.8,25,24.8,24.5,26.9,28.6,30.6,31.7,32.2,32.2,32.8,32.7,33.1,33.6,31.4,28.8,27.9,27.7,27.8,27.9,27.4,25.6,1
2020-08-18,28.1,34,24.5,26.4,26.4,26.1,25.9,25.8,25.7,26.3,27.5,30.2,31.7,32.7,33.8,34,33.2,33.4,32.1,25,24.5,25.1,25.8,25.5,25,25.3,26.9,1
2020-08-19,28.9,33.7,24.6,25.2,25.2,25.1,24.8,24.6,24.8,26.7,28.7,30.9,31.2,32.7,33.7,33.7,33.5,33.3,32.9,32.4,29.3,28.9,28.3,27.5,27,26.9,25.5,1
2020-08-20,28.6,34.2,25.8,26.9,26.5,26.2,26,25.8,25.8,27.5,29.3,30.8,31.5,32.5,33.4,33.8,34.2,32.9,30.9,25.9,26.3,26.5,26.4,26.5,26.4,26.4,26.8,1
2020-08-21,29.2,33.5,24.8,26,25.5,25.6,25.2,25.1,24.8,26.7,28.4,30.3,31.4,32.4,32.7,33.5,32.9,32.7,33.2,31.1,30.4,29.6,28.9,26.3,26.1,26.05,26.4,1
2020-08-22,27.9,30.9,25.7,27.9,27.4,27.1,27.2,27.2,26.8,27.2,29.1,30.9,30.5,30.7,30.1,29.8,30.6,28.1,26,26.9,27,26.8,26.2,26.1,25.8,25.7,28.3,1
2020-08-23,25.8,26.1,25.4,25.4,25.8,25.9,26,25.9,25.9,26.1,29.45,30.8,31.1,29.45,29.5,31.9,32.2,30.625,29.25,29.35,28.85,28.4,27.8,27.3,26.8,26.55,25.6,1
2020-08-24,29.4,31.8,27.4,26,26,26.1,26.35,26.2,26.4,27,29.45,30.8,31.1,29.45,29.5,31.9,32.2,30.625,29.25,31.8,30.7,30,29.4,28.5,27.8,27.4,26.3,1
2020-08-25,29.4,34,26.2,26.6,26.2,26.3,26.7,26.5,26.9,27.9,29.8,30.7,31.7,29.45,29.5,34,33.8,33.15,32.5,31.9,31.3,30.1,29.5,29.3,29.1,28.7,27,1
2020-08-26,27.6,28.9,26.4,27.9,27.8,27.4,27,27.1,26.7,27.5,28.8,26.4,27.6,28.2,28.9,28.7,27.9,27.7,27.4,28,27.6,26.5,26.9,27.2,27.3,26.6,28.3,1
2020-08-27,27.2,30.4,25.1,26.6,26,26.3,26.2,26.7,25.5,26.1,27.5,28.9,27.8,29.8,29.2,29,30.4,29.7,28.8,27.3,26.6,26.2,25.4,25.1,25.2,25.2,26.5,1
2020-08-28,27.7,32.7,24.7,25.2,24.8,24.7,25.3,25.7,25.6,25.8,26.1,26.4,28.2,28.6,31.1,32.7,31.9,32.1,30.2,29.5,28.15,27.4,26.75,26.2,26.05,25.85,25.5,1
2020-08-31,28.5,31.5,25.9,26.9,27.2,27.2,27,26.3,25.9,26.9,29.2,30.2,30.7,30.5,30.6,30.5,27.8,31.5,31,30.1,29.7,28.6,28.1,27.3,26.9,26.5,26.6,1
2020-09-01,28.5,32.5,24.6,25.7,25.3,25.1,24.8,24.8,24.6,25.8,27.6,29.4,30.5,31.6,32.1,31.8,32.5,32.4,32.4,31.7,30.5,29.2,28.3,27.3,26.9,26.8,25.9,1
2020-09-02,29.5,33.9,26.3,26.7,27,27.2,26.9,26.4,26.3,27,29.3,30.7,31.9,32.3,32.9,33.7,33.9,32,32.8,31.8,30.6,29.2,28.7,28.1,27.5,27.4,26.9,1
2020-09-03,28,33.4,25.1,26.2,26.1,26.1,25.9,25.8,25.8,26.6,29.6,31,31.8,32.2,33.1,33.4,26.4,25.1,27.3,28.2,27,26.5,28.5,27.85,27.3,27.15,26.6,1
2020-09-04,28.6,34.1,23.9,25.1,25,24.6,24.5,24.1,23.9,25.6,27.9,29.5,30.8,32,33,34.1,33.9,33.6,32.5,31.4,30.3,29.4,28.3,27.6,27.1,26.9,25.2,1
2020-09-05,28.1,32.1,24.5,26.6,26.3,26.2,26.2,25.5,25.6,26.3,27.2,28,29.8,30.8,30.8,31,32.1,32.1,32.1,30.7,29.2,28.3,28.1,27.6,25.3,24.5,26.7,1
2020-09-06,26.6,32.3,22.2,23.6,23.3,23.2,23,22.6,22.2,24.6,26.3,27.9,30.2,31.6,32.3,31.4,31.7,31.6,31.3,30,28.1,26.5,23.6,24.1,22.7,22.8,24,1
2020-09-07,26.6,34.3,20.7,21.6,22.4,22.5,22.1,21.3,20.7,23,24.9,28.2,30.4,31.6,33,34.3,34.2,32.15,30.625,30.1,29.1,28.3,26.9,26.4,25.7,25.9,22.2,1
2020-09-08,28.4,33.6,24.3,25.8,25.4,25,24.3,24.4,24.3,25.6,28.3,29.8,30.1,32.5,32.9,33.6,32.8,32.5,32,30.9,29.7,28.6,27.4,26.5,26.3,26,25.8,1
2020-09-09,28.4,33.7,25,25.8,25.6,25.1,25,25.1,25,26.1,27.7,28.5,30.5,31.9,32.9,33.7,32.8,31.6,30.6,30.5,29.6,28.8,27.9,27.1,26.7,26.6,26,1
2020-09-10,28.2,32.4,26.1,26.5,26.4,26.1,26.3,26.2,26.1,26.5,27.8,29.1,29.8,31.9,32.4,31.1,32.1,31.7,31.8,28.2,27.5,26.7,26.5,26.1,26.2,26.2,26.6,1
2020-09-11,28,33.6,24.9,25.8,25.5,25.2,25.2,25.2,24.9,25.6,26.8,28.3,30.8,32.4,32,31.9,33.6,33,31.3,28.6,27.7,26.9,26.4,26.1,26.4,26,25.9,1
2020-09-12,27.6,33.1,24.9,25.7,25.4,25.3,25.5,25.2,24.9,26.2,27.6,30.5,30.6,31.1,31.2,32.1,33.1,31.5,27.6,26.8,26.5,26.3,25.8,25.8,25.4,25.4,25.9,1
2020-09-13,27.6,33.4,24.1,25.5,25.2,24.9,24.5,24.3,24.1,25,27.7,29.8,30.8,32.2,33.4,31.8,30.2,28.2,28,28.7,28.7,27.6,27,26.6,26.5,26.4,25.6,1
2020-09-14,29,33.6,25,25.9,25.5,25.2,25.2,25.1,25,26.3,28.3,30.1,31.3,32.8,33.3,33.5,33.6,33.6,32.8,31.9,30.4,29.2,28.2,27.8,27.1,26.7,26.3,1
2020-09-15,28.9,33.3,25,26.2,25.9,25.7,25.4,25.1,25,26.5,28.5,29.9,31,32.6,32.7,33.3,33,32.8,31.7,31.2,30.1,29.3,28.6,28.4,27.8,27.2,26.4,1
2020-09-16,29.3,34,25,26.2,26,25.5,25,25,25.2,27.3,29,30.8,32.1,32.7,33.6,34,33.6,33.1,33,32,31.1,29.5,28.2,27.7,27.5,27.4,26.7,1
2020-09-17,29.3,34.2,25.4,26.8,26.6,26.1,25.7,25.7,25.4,26.6,28.5,30.1,31.2,32.8,33,33.1,33.9,34.2,33.2,32.1,31,29.2,28.1,27.6,27.6,27.5,27.2,1
2020-09-18,29.6,34.3,25.6,27.2,26.5,26.1,25.9,25.7,25.6,27.2,29.3,31.05,32.8,33.7,32.9,34.3,34,33.8,33.4,32.5,31.3,30.5,28.9,28.1,27.8,26.5,27.4,1
2020-09-19,28.7,33.8,24.8,26.3,25.8,25.3,24.8,24.9,24.9,25.9,28,30.2,31.6,32.8,32.8,33.6,33.8,32.7,31.6,30.6,29.5,28.9,27.9,27.3,27,26.9,26.6,1
2020-09-20,28.9,33.2,25.4,26.1,25.9,26.2,26.1,25.6,25.4,26.4,28,29.8,31.4,32.6,33.2,32.8,32.8,32.7,32.3,31.7,29.7,28.6,27.9,27.5,26.9,26.2,26.7,1
2020-09-21,28.7,33.5,25.3,26.3,26.1,26.1,26.3,26.1,25.6,26.8,28.7,29.2,31.2,32.1,33.1,33.5,33.3,32.7,31.7,31.2,29.5,28.5,27.5,26.7,25.7,25.3,26.2,1
2020-09-22,27.8,33.7,23.6,24.8,24.7,24.7,24.1,24,23.6,24.9,26.5,28.8,30.3,31,32.5,33,33.7,32.7,32.8,30.3,28.7,27.6,26.8,25.9,25.3,25.2,25,1
2020-09-23,27.6,32.7,23.8,24.4,24.2,23.9,23.8,23.8,23.8,25.2,27.4,29.3,30.7,31.4,32,32.6,32.7,32.4,30.9,29.6,28.6,27.8,26.5,25.8,25.8,25.3,24.5,1
2020-09-24,27.4,32.2,24.3,25,25,24.7,24.5,24.3,24.3,25.4,27.9,30,30.6,31.5,32.2,31.3,32.1,30.9,29.8,28.6,27.6,26.4,25.5,25.5,25.4,25.2,24.9,1
2020-09-25,27,30.4,24.4,24.8,24.9,24.6,24.4,24.4,24.5,25.1,26,28.5,29.3,28.9,28.7,28.9,29.9,30.4,29.8,28.2,27.4,26.9,25.45,25.35,25.4,25.1,25.1,1
2020-09-26,26.6,31.1,23.2,24,24,23.9,23.2,23.2,23.2,25.1,26.2,27.2,29.4,30.6,31.1,30.9,30.7,29.6,28.6,28.1,27.5,26.2,25.4,25.2,25.4,25,24.6,1
2020-09-27,25.4,29.4,23.5,24.2,24.1,23.6,23.5,23.5,23.7,24,24.9,26.3,27.6,28.6,29.4,27.8,27.7,27.2,26.9,26.4,25,24.3,24.2,24.4,24,24,24.9,1
2020-09-28,25.2,27.7,23.6,23.6,23.8,23.6,23.7,23.7,23.7,24,24.4,24.8,24.9,26.4,27.3,27.4,27.6,27.7,27.5,27,25.9,25.6,25.1,24.8,24.7,24.4,23.9,1
2020-09-29,27,32.6,23.7,24.4,24.5,24.2,24,24.1,23.7,24.9,26.6,27.5,29.6,31.1,32,32.6,31.2,31.3,29.1,27.9,27,26.4,26.1,25.8,25.6,25,24.4,1
2020-09-30,25.8,29.8,23.3,24.5,24.8,24.5,24.1,24,24.2,24.4,25.9,27.7,29,29.4,29.8,29.1,28.2,27.4,26.3,25.5,25.2,24.4,24.3,24.1,23.8,23.3,24.5,1
2020-10-01,26.7,32.2,22.8,23.2,23.1,23,23.2,23.2,22.8,23.6,25.8,27.9,29.7,30.4,30.9,31.3,31.2,32.2,31.5,29.6,27.6,26.3,25.6,25.6,25.4,25.3,23.4,1
2020-10-02,27.4,32.6,23.4,24.8,24.5,23.9,23.9,23.6,23.4,24.6,27.2,29.1,30.1,30.9,31.7,32.2,32.6,31.8,31.1,29.5,27.8,26.7,25.9,25.2,25.6,25.2,25.2,1
2020-10-03,26.2,31.2,23.3,24.9,24.4,24.2,24,23.6,23.3,25.4,27.7,29,30.15,31.1,31.6,32.05,32.3,31.35,31.2,30,28.4,26.9,26.1,26.3,25.9,25.5,24.8,1
2020-10-04,23.6,25.1,22.5,24.3,23.7,23.5,23.1,22.8,22.5,24.1,27.45,28.95,30.15,31.1,31.6,32.05,32.3,31.35,30.6,29.4,27.95,26.8,26.1,26.05,25.55,25.25,25.1,1
2020-10-05,27.2,32,23.1,24.7,24.3,24.2,23.7,23.5,23.1,24.8,27.2,28.9,30.2,31.3,31.5,31.9,32,30.9,30,28.8,27.5,26.7,26.1,25.8,25.2,25,25.5,1
2020-10-06,26.1,31.2,22.5,24.5,23.8,23.6,23.6,23.2,22.5,24,25.9,27.3,29,30,31.2,31,30.2,30,29.2,27.9,25.8,24.8,24.1,23.3,22.8,23.3,24.6,1
2020-10-07,25.2,30.4,21.5,23.2,23.3,22.4,21.8,21.5,22.2,23,24.1,25.7,26.6,28.9,30.1,30.4,29.9,29.2,28.3,27.1,25.7,24.7,24.2,23.7,23.3,22.4,22.9,1
2020-10-08,25.5,30.5,21.8,21.8,22.3,22.5,22.6,22.9,23.2,23.4,25.4,25.9,27.9,28.9,30.5,30.3,29.7,29.2,28.6,27.6,26.1,25.4,24.5,23.9,23.3,23.5,21.8,1
2020-10-09,25.6,30.7,22.4,23.4,23.4,23.1,23.1,23.2,23.1,23.7,25.1,26.5,27.2,28.2,29.5,30.7,30.6,30,29.3,27.8,25.8,24.7,24.5,23.5,22.4,22.4,23.6,1
2020-10-10,25.6,31.5,20.8,21.4,21.2,21.2,22,21.8,20.8,23.2,25.3,26.8,28.9,29.9,31,31.5,31.3,30.9,29.9,28.5,26.4,25.4,24.6,23.9,23.3,22.6,22.1,1
2020-10-11,26.2,32.1,21.2,22.1,21.8,21.7,21.5,21.2,21.2,22.8,25.3,26.6,28.5,29.9,31.1,31.4,32.1,31.9,30.8,29.3,27.6,26.6,26.3,26.3,26,25.4,22.3,1
2020-10-12,27.6,32.5,24,25.6,25.5,25.1,24.6,24.2,24,25,26.1,28,28.5,30.9,31.7,32.5,31.9,31.2,30.9,29.2,28.1,27.8,27,26.8,26.8,26.5,25.5,1
2020-10-13,27.6,32.2,24.1,25.5,25,24.4,24.1,24.3,24.5,25.5,27.3,28,29.3,30.5,31.2,31.6,32.2,32.1,32,30.3,28,27,26.3,25.7,25.5,25.3,26.3,1
2020-10-14,27.3,32.9,24.1,24.6,24.5,24.1,24.1,24.2,24.3,24.8,26,28.5,29.2,30.9,31.3,32.9,32.1,32.2,30.9,29.9,27.5,26.4,25.9,25.2,25,25.4,25,1
2020-10-15,26.9,31.5,23.9,24.5,24.3,24.2,24.2,24.2,23.9,24.3,27,28.3,29.4,30.1,30.7,30.8,31.3,31.5,30.5,29.5,28,27.1,25.6,24.9,25,24.7,25.1,1
2020-10-16,27.3,31.5,24.1,25.4,25.5,25.3,24.6,24.1,24.4,25.3,26.6,27,29.3,30.1,31.4,30.4,31.5,31.5,31.1,29.7,27.9,27.1,26.1,25.5,24.6,24.6,25,1
2020-10-17,25.9,29.9,23.5,23.9,24.1,24,24.1,24.1,24.1,24.4,25.3,26.4,26.1,27.9,28.7,29.9,29.9,29.3,28.3,27.6,25.9,25.4,25.1,24.5,23.9,23.5,24.4,1
2020-10-18,25.1,30.2,21.2,22.6,21.9,21.7,21.6,21.3,21.2,22.6,24.4,26.1,27.8,28.9,30.2,29.6,29.8,30,28.6,26.5,25.3,24.5,24.2,23.8,23.3,22.3,23.1,1
2020-10-19,25.2,31.3,21.1,22.6,22.2,21.5,21.5,21.3,21.1,22,23.7,25.5,27.6,28.7,30.4,31.3,30.9,30.3,29,27,25.4,24.5,24.4,24.4,24.1,23,22.3,1
2020-10-20,25.5,31.6,21.3,22.4,22,22.2,21.9,21.3,21.3,22.8,24.2,26.5,28.3,29.4,30.3,31.6,31.1,30.6,29.35,28.1,26.6,25.8,25.1,24.5,23.7,23.4,22.5,1
2020-10-21,25.7,29.6,21.9,22.8,22.5,22.4,22.1,22,21.9,22.4,24.3,25.7,27.5,28.7,28.6,29.6,29.5,29.4,29,28.4,27.5,26.7,26.5,26,25.4,25.4,23,1
2020-10-22,24.5,29.1,21.4,24.4,24.1,24.2,24,24,23.9,24.5,24.9,26.5,27.7,28.2,29.1,28.1,26.4,25,23.9,23.1,22.4,21.8,21.5,21.4,21.6,21.8,24.9,1
2020-10-23,21.7,24,20.2,20.6,20.8,20.4,20.2,20.4,20.7,20.9,21.3,22,23.8,24,23.5,22.4,21.5,22.3,22.2,22.6,21.7,21.6,21.5,21.3,21.1,21.2,21.7,1
2020-10-24,23.3,28.7,20.4,20.8,20.6,21,20.6,20.4,20.6,20.8,21.3,22.2,23.9,25.7,27.7,28,28.7,27.7,26.7,25.3,23.4,23.3,22.9,22.6,22,22.1,20.6,1
2020-10-25,25.1,28.7,22.3,22.4,22.5,22.7,22.7,22.7,22.8,23.3,24.5,25.5,28.6,28.4,28.2,28.7,28.7,28.5,28,27.1,25.7,25.3,25.2,23.6,23,22.5,22.3,1
2020-10-26,25.4,31.6,21,21.8,21.4,21,21.1,21.4,21.7,22.2,24.1,26.2,27.8,29,30.1,31.2,31.6,30.9,29.9,28.6,26.4,25.5,24.3,23.9,23.4,22.9,22.1,1
2020-10-27,25.2,31.9,21.4,22.6,22.2,21.8,21.6,21.4,21.5,22.5,24.65,26.8,28.8,29.9,30.7,31.5,31.9,31.1,29.05,27.55,27,26.05,25.1,24.4,23.6,23.3,22.7,1
2020-10-28,26.3,32.4,21.3,22.5,21.9,21.8,21.55,22.475,21.3,23.4,25.1,26.7,29,30.6,31.8,32.4,32,31.3,30.7,28,26.6,25.9,24.6,24.1,23.8,23.3,22.8,1
2020-10-29,25.5,31.4,22.2,23,23.4,23,23,22.6,22.2,23.3,24.5,25.8,27.3,29.5,30.5,31.4,30.8,29.5,28.3,26.2,25.1,24.9,24,23.6,23.3,22.7,23,1
2020-10-30,23.7,28.2,20.8,21.6,21.4,21.1,21,20.8,20.9,21.1,22.5,24.3,26.3,26.9,27.5,28.2,27.9,27.3,26.3,25.2,24,23.2,23,22.6,22.3,22.1,21.8,0
2020-10-31,22.6,27.7,18.7,19.2,19.1,18.9,18.7,18.9,18.9,19.2,20.8,23.1,25.1,26.2,27.4,27.7,27.7,27,25.5,24.8,23.6,22.7,22.4,22,21.6,21.3,20.9,0
2020-11-01,23.7,28.8,19.8,20.8,20.6,20.4,20.1,19.9,19.8,20.2,21.9,24,26.2,27.5,28.4,28.8,28.8,28.1,26.7,25.8,24.6,23.7,23.3,22.7,22.3,22.1,21.7,0
2020-11-02,24.2,28.3,21,22.2,21.9,21.7,21.5,21.2,21,21.5,22.8,24.5,26.3,27.2,27.7,28.2,28.3,28,26.8,25.6,24.6,23.9,23.6,23.2,23,22.7,22.4,0
2020-11-03,23.2,26.5,21.2,21.8,21.6,21.4,21.5,21.4,21.2,21.2,22,23.5,24.3,25.4,25.9,26.5,26.4,25.9,24.9,24,23.3,22.7,22.6,22.3,22.3,22.2,22,0
2020-11-04,22.9,26.8,20.3,20.9,20.7,20.6,20.7,20.6,20.3,20.5,21.6,23.5,24.6,25.7,26.3,26.7,26.8,26.2,25,24.2,23.4,22.6,22.4,21.9,21.9,21.7,21.5,0
2020-11-05,23.1,26.6,20.6,21.4,21.2,21,21.1,20.9,20.6,20.9,21.8,23.4,24.7,25.7,26.1,26.6,26.6,26,25.1,24.1,23.4,22.8,22.5,22.1,22,21.9,21.6,0
2020-11-06,23.5,27.3,20.8,21.8,21.5,21.3,21.3,21,20.8,21.4,22.4,23.8,25.3,26.3,26.8,27.2,27.3,26.9,25.8,24.7,23.9,23.3,23,22.6,22.4,22.1,21.7,0
2020-11-07,23.9,27.9,21.1,22,21.8,21.5,21.5,21.3,21.1,21.7,22.8,24.2,25.7,26.8,27.3,27.7,27.9,27.5,26.4,25.1,24.3,23.7,23.2,22.8,22.5,22.2,21.8,0
2020-11-08,23.2,27.2,20.5,21.5,21.2,20.9,20.8,20.6,20.5,20.9,22,23.5,24.9,25.9,26.5,27.1,27.2,26.8,25.7,24.5,23.7,23,22.6,22.2,22,21.7,21.4,0
2020-11-09,22.5,25.9,20.3,21.1,20.9,20.6,20.5,20.5,20.3,20.5,21.5,22.8,23.9,25,25.5,25.9,25.9,25.5,24.5,23.5,22.9,22.3,21.9,21.5,21.5,21.3,21,0
2020-11-10,22.3,26.1,19.8,20.5,20.3,20.1,20,19.9,19.8,20.1,21.2,22.8,24.2,25.3,25.8,26.1,26,25.5,24.4,23.4,22.7,22,21.6,21.2,21.1,20.8,20.6,0
2020-11-11,22.3,26.1,19.8,20.6,20.4,20.2,20.1,20,19.8,20.2,21.2,22.8,24.2,25.3,25.8,26.1,26.1,25.5,24.4,23.4,22.6,22,21.7,21.3,21.1,20.9,20.6,0
2020-11-12,22.6,26.5,19.9,20.7,20.5,20.3,20.2,20,19.9,20.3,21.4,23,24.5,25.6,26.1,26.4,26.5,25.9,24.7,23.7,22.9,22.4,22,21.6,21.5,21.3,21,0
2020-11-13,23,27,20.1,21,20.8,20.6,20.4,20.2,20.1,20.6,21.9,23.5,25,26.1,26.6,27,27,26.5,25.4,24.2,23.4,22.8,22.5,22.1,22,21.8,21.5,0
2020-11-14,22.5,26.4,19.8,20.5,20.3,20.1,20,19.9,19.8,20.1,21.3,22.8,24.2,25.3,26,26.4,26.3,25.9,24.9,23.7,22.9,22.3,21.9,21.6,21.4,21.2,20.9,0
2020-11-15,22,25.9,19.4,20.1,19.9,19.7,19.6,19.5,19.4,19.7,20.8,22.3,23.7,24.9,25.5,25.9,25.9,25.4,24.4,23.4,22.5,21.9,21.5,21.1,20.9,20.6,20.3,0
2020-11-16,22.2,26,19.6,20.4,20.1,19.9,19.8,19.8,19.6,20,21,22.5,23.7,25.1,25.5,26,25.9,25.5,24.4,23.5,22.7,22.1,21.7,21.3,21,20.8,20.5,0
2020-11-17,22,25.9,19.4,20.2,19.9,19.7,19.6,19.5,19.4,19.8,20.9,22.4,23.7,25,25.4,25.9,25.9,25.4,24.3,23.4,22.6,21.9,21.5,21.1,20.8,20.5,20.2,0
2020-11-18,22,25.9,19.3,20.1,19.9,19.6,19.5,19.4,19.3,19.7,20.8,22.3,23.6,24.9,25.4,25.9,25.9,25.5,24.4,23.4,22.6,21.9,21.4,21.1,20.8,20.5,20.2,0
2020-11-19,21.8,25.7,19.2,20.1,19.8,19.5,19.4,19.3,19.2,19.6,20.6,22.1,23.5,24.7,25.2,25.6,25.7,25.2,24.2,23.2,22.3,21.7,21.3,20.9,20.7,20.4,20.1,0
2020-11-20,21.9,25.7,19.2,20.2,19.9,19.6,19.5,19.3,19.2,19.6,20.7,22.1,23.5,24.7,25.3,25.6,25.7,25.2,24.2,23.2,22.3,21.7,21.3,21,20.7,20.5,20.1,0
2020-11-21,21.9,25.7,19.2,20.2,19.9,19.6,19.4,19.3,19.2,19.6,20.7,22.1,23.5,24.7,25.3,25.6,25.7,25.2,24.2,23.2,22.3,21.8,21.3,21,20.8,20.5,20.2,0
2020-11-22,21.8,25.6,19.1,20.1,19.8,19.5,19.4,19.3,19.1,19.5,20.6,22.1,23.5,24.7,25.3,25.6,25.6,25.1,24.1,23.2,22.3,21.7,21.3,20.9,20.7,20.5,20.1,0
2020-11-23,21.9,25.7,19.2,20.1,19.8,19.6,19.5,19.3,19.2,19.6,20.7,22.2,23.5,24.7,25.4,25.7,25.7,25.2,24.2,23.2,22.4,21.8,21.4,21,20.8,20.5,20.2,0
2020-11-24,22,25.7,19.4,20.3,20,19.8,19.7,19.5,19.4,19.7,20.8,22.3,23.6,24.8,25.4,25.7,25.7,25.2,24.2,23.3,22.5,21.9,21.5,21.1,20.8,20.6,20.3,0
2020-11-25,21.9,25.8,19.3,20.1,19.8,19.6,19.5,19.4,19.3,19.6,20.7,22.2,23.6,24.8,25.4,25.8,25.8,25.3,24.3,23.3,22.5,21.8,21.4,20.9,20.7,20.4,20.1,0
2020-11-26,21.9,25.8,19.3,20.2,19.9,19.7,19.6,19.4,19.3,19.6,20.7,22.2,23.6,24.8,25.4,25.7,25.8,25.2,24.3,23.2,22.4,21.8,21.3,20.9,20.7,20.4,20.1,0
2020-11-27,21.9,25.8,19.1,20,19.7,19.5,19.4,19.2,19.1,19.5,20.6,22.2,23.7,24.8,25.5,25.8,25.8,25.3,24.3,23.2,22.4,21.8,21.3,20.9,20.6,20.3,20,0
2020-11-28,21.9,25.8,19.1,20,19.7,19.5,19.4,19.2,19.1,19.5,20.6,22.1,23.6,24.8,25.4,25.8,25.8,25.2,24.3,23.2,22.4,21.7,21.3,20.9,20.7,20.4,20,0
2020-11-29,21.9,25.8,19.1,19.9,19.7,19.5,19.3,19.2,19.1,19.5,20.6,22.2,23.6,24.8,25.5,25.8,25.8,25.3,24.3,23.2,22.4,21.7,21.3,20.9,20.6,20.3,20,0
2020-11-30,21.8,25.8,19.1,20,19.7,19.5,19.4,19.2,19.1,19.5,20.6,22.1,23.6,24.8,25.4,25.8,25.8,25.2,24.3,23.2,22.3,21.7,21.3,20.9,20.6,20.3,20,0
2020-12-01,21.8,25.5,19.2,20.2,19.9,19.7,19.5,19.4,19.2,19.6,20.6,22,23.4,24.5,25.1,25.5,25.5,25,24,23,22.2,21.6,21.2,20.9,20.6,20.3,20,0
2020-12-02,21.8,25.6,19.2,20.1,19.8,19.6,19.5,19.3,19.2,19.5,20.6,22.1,23.4,24.6,25.2,25.6,25.6,25.1,24.1,23.1,22.2,21.6,21.2,20.8,20.6,20.3,19.9,0
2020-12-03,21.8,25.7,19.2,20.1,19.8,19.6,19.5,19.3,19.2,19.6,20.7,22.1,23.5,24.7,25.3,25.7,25.7,25.1,24.1,23.1,22.3,21.6,21.2,20.8,20.6,20.3,19.9,0
2020-12-04,21.8,25.7,19.2,20,19.8,19.6,19.5,19.3,19.2,19.5,20.6,22.2,23.6,24.7,25.4,25.7,25.7,25.2,24.2,23.1,22.3,21.7,21.2,20.8,20.6,20.3,19.9,0
2020-12-05,21.8,25.7,19.1,20,19.7,19.5,19.4,19.2,19.1,19.5,20.6,22.1,23.6,24.7,25.4,25.7,25.7,25.2,24.2,23.1,22.3,21.7,21.2,20.9,20.6,20.3,20,0
2020-12-06,21.9,25.8,19.1,19.9,19.7,19.5,19.4,19.2,19.1,19.5,20.6,22.2,23.6,24.8,25.5,25.8,25.8,25.3,24.3,23.2,22.4,21.7,21.3,20.9,20.6,20.3,20,0
2020-12-07,21.9,25.9,19.1,19.9,19.7,19.5,19.3,19.2,19.1,19.5,20.6,22.2,23.7,24.9,25.6,25.9,25.9,25.3,24.3,23.2,22.4,21.8,21.3,20.9,20.7,20.4,20,0
2020-12-08,21.9,25.9,19.1,19.9,19.7,19.5,19.3,19.2,19.1,19.5,20.6,22.2,23.7,24.9,25.6,25.9,25.9,25.3,24.3,23.2,22.4,21.8,21.3,20.9,20.6,20.4,20,0
2020-12-09,21.9,25.8,19.1,20,19.7,19.5,19.4,19.2,19.1,19.5,20.6,22.2,23.7,24.8,25.5,25.8,25.8,25.3,24.3,23.2,22.4,21.7,21.3,20.9,20.6,20.4,20,0
2020-12-10,21.8,25.8,19.1,19.9,19.7,19.5,19.3,19.2,19.1,19.4,20.5,22.1,23.6,24.7,25.5,25.8,25.7,25.2,24.3,23.2,22.4,21.7,21.3,20.9,20.6,20.3,20,0
